Par,k=1,k=2,k=3,k=4,k=5,k=6,k=7,k=8,k=9,k=10,k=11,k=12,k=13,k=14,k=15
1,0.0,0.0,0.924,0.9649,0.9766,0.9766,0.9766,0.9649,0.9591,0.9532,0.9532,0.9649,0.9591,0.9591,0.9591
2,0.9649,0.9649,0.9591,0.9532,0.9474,0.9532,0.9532,0.9591,0.9591,0.9649,0.9649,0.9591,0.9649,0.9591,0.9591
3,0.0,0.0,0.9298,0.9591,0.9591,0.9532,0.9591,0.9415,0.9415,0.9357,0.9474,0.9415,0.9415,0.9415,0.9415
4,0.9415,0.9415,0.9591,0.9532,0.9591,0.9649,0.9649,0.9591,0.9591,0.9532,0.9532,0.9649,0.9649,0.9649,0.9649
5,0.9532,0.9532,0.9649,0.9591,0.9649,0.9532,0.9591,0.9591,0.9591,0.9649,0.9591,0.9591,0.9649,0.9649,0.9591
6,0.9532,0.9532,0.9825,0.9649,0.9766,0.9766,0.9825,0.9825,0.9825,0.9708,0.9708,0.9708,0.9708,0.9708,0.9649
7,0.0,0.0,0.9298,0.9708,0.9766,0.9708,0.9708,0.9649,0.9649,0.9708,0.9825,0.9766,0.9825,0.9825,0.9708
8,0.0,0.0,0.8889,0.9532,0.9474,0.9532,0.9532,0.9474,0.9474,0.9415,0.9532,0.9591,0.9591,0.9532,0.9532
9,0.0,0.0,0.924,0.9591,0.9649,0.9591,0.9649,0.9649,0.9649,0.9532,0.9591,0.9532,0.9591,0.9415,0.9474
10,0.0,0.0,0.924,0.9708,0.9766,0.9708,0.9708,0.9708,0.9766,0.9649,0.9708,0.9649,0.9708,0.9591,0.9649
11,0.0,0.0,0.9415,0.9766,0.9708,0.9766,0.9766,0.9766,0.9766,0.9708,0.9825,0.9766,0.9766,0.9708,0.9708
12,0.0,0.0,0.924,0.9591,0.9474,0.9532,0.9532,0.9532,0.9591,0.9532,0.9532,0.9532,0.9591,0.9591,0.9591
13,0.9474,0.9474,0.9591,0.9591,0.9591,0.9591,0.9591,0.9591,0.9532,0.9532,0.9474,0.9591,0.9474,0.9532,0.9415
14,0.0,0.0,0.9064,0.9532,0.9532,0.9474,0.9591,0.9532,0.9649,0.9532,0.9591,0.9298,0.9532,0.9415,0.9415
15,0.0,0.0,0.9181,0.9649,0.9766,0.9708,0.9766,0.9708,0.9708,0.9415,0.9532,0.9474,0.9532,0.9532,0.9532
16,0.0,0.0,0.8889,0.9415,0.9415,0.9474,0.9415,0.9474,0.9532,0.9591,0.9474,0.9591,0.9649,0.9649,0.9649
17,0.0,0.0,0.924,0.9591,0.9591,0.9649,0.9649,0.9708,0.9649,0.9708,0.9708,0.9708,0.9591,0.9474,0.9532
18,0.0,0.0,0.9357,0.9591,0.9649,0.9591,0.9591,0.9649,0.9532,0.9532,0.9474,0.9415,0.9474,0.9532,0.9532
19,0.0,0.0,0.9064,0.9532,0.9591,0.9532,0.9649,0.9474,0.9708,0.9591,0.9649,0.9532,0.9708,0.9708,0.9825
20,0.0,0.0,0.8947,0.9532,0.9591,0.9532,0.9591,0.9591,0.9532,0.9591,0.9591,0.9415,0.9357,0.9415,0.9415
21,0.0,0.0,0.9064,0.9708,0.9591,0.9708,0.9649,0.9766,0.9825,0.9766,0.9708,0.9591,0.9649,0.9649,0.9649
22,0.9415,0.9415,0.9649,0.9708,0.9766,0.9708,0.9766,0.9766,0.9766,0.9766,0.9766,0.9766,0.9766,0.9708,0.9708
23,0.9298,0.9298,0.9532,0.9415,0.9415,0.9474,0.9357,0.9474,0.9415,0.9415,0.9357,0.9415,0.9415,0.9415,0.9357
24,0.0,0.0,0.9357,0.9825,0.9825,0.9708,0.9825,0.9766,0.9766,0.9708,0.9766,0.9766,0.9766,0.9708,0.9766
25,0.0,0.0,0.9298,0.9708,0.9649,0.9591,0.9649,0.9591,0.9649,0.9649,0.9649,0.9591,0.9649,0.9649,0.9591
26,0.9532,0.9532,0.9532,0.9532,0.9649,0.9591,0.9649,0.9591,0.9649,0.9708,0.9766,0.9708,0.9649,0.9708,0.9591
27,0.9181,0.9181,0.9298,0.9474,0.9474,0.9474,0.9532,0.9474,0.9591,0.9532,0.9474,0.9532,0.9532,0.9474,0.9415
28,0.9532,0.9532,0.9649,0.9532,0.9649,0.9591,0.9649,0.9649,0.9649,0.9649,0.9649,0.9649,0.9649,0.9649,0.9649
29,0.0,0.0,0.9415,0.9591,0.9766,0.9649,0.9649,0.9708,0.9708,0.9649,0.9825,0.9825,0.9825,0.9766,0.9825
30,0.0,0.0,0.9123,0.9649,0.9649,0.9649,0.9708,0.9708,0.9649,0.9708,0.9766,0.9708,0.9708,0.9708,0.9708
31,0.0,0.0,0.9357,0.9591,0.9649,0.9649,0.9708,0.9591,0.9649,0.9649,0.9708,0.9649,0.9766,0.9708,0.9708
32,0.0,0.0,0.9181,0.9591,0.9591,0.9708,0.9708,0.9766,0.9766,0.9708,0.9766,0.9708,0.9766,0.9766,0.9766
33,0.9532,0.9532,0.9532,0.9532,0.9532,0.9474,0.9532,0.9474,0.9474,0.9474,0.9532,0.9532,0.9649,0.9649,0.9649
34,0.0,0.0,0.9181,0.9474,0.9415,0.9298,0.9474,0.9357,0.9415,0.9123,0.9181,0.9181,0.9123,0.9181,0.9181
35,0.0,0.0,0.9474,0.9766,0.9708,0.9708,0.9708,0.9708,0.9649,0.9649,0.9649,0.9591,0.9649,0.9591,0.9649
36,0.9649,0.9649,0.9708,0.9708,0.9766,0.9649,0.9766,0.9825,0.9825,0.9825,0.9708,0.9766,0.9649,0.9708,0.9591
37,0.9357,0.9357,0.9591,0.9591,0.9649,0.9649,0.9708,0.9532,0.9649,0.9591,0.9649,0.9591,0.9532,0.9591,0.9532
38,0.0,0.0,0.9064,0.9532,0.9415,0.9474,0.9532,0.9532,0.9532,0.9532,0.9474,0.9474,0.9474,0.9357,0.9415
39,0.0,0.0,0.9298,0.9825,0.9825,0.9766,0.9825,0.9766,0.9766,0.9766,0.9825,0.9708,0.9825,0.9649,0.9766
40,0.9181,0.9181,0.9708,0.9649,0.9708,0.9649,0.9766,0.9591,0.9708,0.9649,0.9708,0.9708,0.9708,0.9708,0.9649
41,0.0,0.0,0.9298,0.9649,0.9649,0.9649,0.9708,0.9708,0.9708,0.9825,0.9825,0.9708,0.9766,0.9708,0.9708
42,0.0,0.0,0.9181,0.9708,0.9532,0.9649,0.9649,0.9708,0.9649,0.9708,0.9708,0.9708,0.9649,0.9649,0.9708
43,0.9591,0.9591,0.9766,0.9708,0.9591,0.9766,0.9649,0.9766,0.9766,0.9766,0.9766,0.9766,0.9825,0.9825,0.9708
44,0.0,0.0,0.924,0.9766,0.9766,0.9766,0.9708,0.9825,0.9766,0.9825,0.9766,0.9766,0.9708,0.9708,0.9708
45,0.0,0.0,0.9357,0.9591,0.9649,0.9649,0.9708,0.9649,0.9708,0.9708,0.9708,0.9708,0.9766,0.9649,0.9649
46,0.9474,0.9474,0.9474,0.9474,0.9474,0.9474,0.9474,0.9532,0.9474,0.9532,0.9532,0.9532,0.9532,0.9591,0.9532
47,0.0,0.0,0.924,0.9649,0.9591,0.9591,0.9591,0.9591,0.9591,0.9649,0.9649,0.9649,0.9708,0.9649,0.9649
48,0.924,0.924,0.9649,0.9649,0.9532,0.9591,0.9532,0.9591,0.9532,0.9591,0.9591,0.9591,0.9649,0.9591,0.9649
49,0.0,0.0,0.8947,0.9708,0.9649,0.9591,0.9532,0.9591,0.9591,0.9591,0.9708,0.9591,0.9591,0.9591,0.9591
50,0.0,0.0,0.9415,0.9591,0.9708,0.9766,0.9766,0.9766,0.9708,0.9766,0.9649,0.9649,0.9591,0.9591,0.9591
51,0.0,0.0,0.9298,0.9825,0.9766,0.9708,0.9766,0.9708,0.9708,0.9591,0.9649,0.9591,0.9591,0.9591,0.9649
52,0.0,0.0,0.9181,0.9591,0.9649,0.9591,0.9649,0.9532,0.9591,0.9532,0.9532,0.9474,0.9532,0.9474,0.9474
53,0.0,0.0,0.9474,0.9708,0.9825,0.9708,0.9708,0.9766,0.9708,0.9766,0.9766,0.9825,0.9825,0.9825,0.9825
54,0.0,0.0,0.9357,0.9708,0.9766,0.9591,0.9708,0.9708,0.9766,0.9591,0.9591,0.9532,0.9532,0.9591,0.9591
55,0.0,0.0,0.9298,0.9766,0.9766,0.9825,0.9825,0.9825,0.9766,0.9766,0.9708,0.9825,0.9766,0.9708,0.9708
56,0.0,0.0,0.924,0.9708,0.9649,0.9649,0.9708,0.9649,0.9649,0.9649,0.9649,0.9591,0.9591,0.9532,0.9591
57,0.0,0.0,0.9298,0.9649,0.9708,0.9708,0.9708,0.9708,0.9708,0.9708,0.9708,0.9708,0.9708,0.9708,0.9708
58,0.0,0.0,0.9064,0.9591,0.9415,0.9532,0.9532,0.9532,0.9532,0.9415,0.9474,0.9415,0.9415,0.9474,0.9474
59,0.0,0.0,0.9123,0.9591,0.9591,0.9649,0.9649,0.9591,0.9591,0.9591,0.9532,0.9591,0.9591,0.9591,0.9591
60,0.9591,0.9591,0.9591,0.9591,0.9591,0.9591,0.9532,0.9532,0.9532,0.9591,0.9649,0.9649,0.9532,0.9532,0.9532
61,0.9532,0.9532,0.9708,0.9649,0.9591,0.9708,0.9708,0.9766,0.9766,0.9766,0.9649,0.9708,0.9649,0.9649,0.9649
62,0.9591,0.9591,0.9591,0.9708,0.9591,0.9591,0.9649,0.9649,0.9649,0.9708,0.9591,0.9649,0.9591,0.9649,0.9591
63,0.0,0.0,0.9357,0.9708,0.9708,0.9708,0.9708,0.9766,0.9708,0.9591,0.9591,0.9649,0.9649,0.9649,0.9649
64,0.0,0.0,0.9064,0.9649,0.9649,0.9708,0.9591,0.9649,0.9766,0.9591,0.9591,0.9474,0.9474,0.9532,0.9591
65,0.0,0.0,0.9064,0.9415,0.9474,0.9474,0.9532,0.9474,0.9474,0.9474,0.9474,0.9474,0.9532,0.9474,0.9474
66,0.0,0.0,0.924,0.9591,0.9591,0.9591,0.9649,0.9649,0.9649,0.9649,0.9649,0.9649,0.9591,0.9649,0.9649
67,0.0,0.0,0.9006,0.9474,0.9532,0.9532,0.9591,0.9532,0.9415,0.9415,0.9474,0.9415,0.9474,0.9474,0.9474
68,0.9649,0.9649,0.9708,0.9591,0.9532,0.9532,0.9532,0.9649,0.9532,0.9591,0.9532,0.9591,0.9649,0.9649,0.9591
69,0.0,0.0,0.9415,0.9708,0.9708,0.9708,0.9708,0.9649,0.9649,0.9708,0.9591,0.9649,0.9649,0.9591,0.9649
70,0.0,0.0,0.9181,0.9766,0.9766,0.9708,0.9766,0.9825,0.9766,0.9766,0.9766,0.9766,0.9708,0.9766,0.9708
71,0.0,0.0,0.9181,0.9532,0.9591,0.9474,0.9474,0.9415,0.9474,0.9474,0.9474,0.9474,0.9474,0.9474,0.9474
72,0.0,0.0,0.9006,0.9415,0.9415,0.9415,0.9474,0.9415,0.9532,0.9357,0.9474,0.9474,0.9591,0.9591,0.9474
73,0.0,0.0,0.924,0.9532,0.9649,0.9649,0.9649,0.9708,0.9649,0.9708,0.9766,0.9708,0.9708,0.9649,0.9708
74,0.9298,0.9298,0.9415,0.9415,0.9532,0.9474,0.9415,0.9532,0.9532,0.9532,0.9474,0.9532,0.9532,0.9591,0.9591
75,0.9357,0.9357,0.9532,0.9591,0.9532,0.9532,0.9532,0.9591,0.9591,0.9591,0.9532,0.9591,0.9474,0.9532,0.9415
76,0.0,0.0,0.9415,0.9708,0.9708,0.9766,0.9766,0.9766,0.9766,0.9708,0.9708,0.9708,0.9766,0.9591,0.9708
77,0.0,0.0,0.9298,0.9766,0.9766,0.9708,0.9766,0.9766,0.9825,0.9708,0.9708,0.9708,0.9649,0.9708,0.9708
78,0.9649,0.9649,0.9942,0.9825,0.9825,0.9883,0.9825,0.9708,0.9825,0.9883,0.9883,0.9942,0.9942,0.9942,0.9825
79,0.0,0.0,0.924,0.9591,0.9532,0.9591,0.9591,0.9649,0.9649,0.9591,0.9591,0.9649,0.9591,0.9532,0.9474
80,0.9415,0.9415,0.9766,0.9649,0.9825,0.9766,0.9766,0.9708,0.9766,0.9766,0.9825,0.9883,0.9825,0.9825,0.9825
81,0.0,0.0,0.9181,0.9474,0.9532,0.9532,0.9591,0.9591,0.9591,0.9591,0.9649,0.9591,0.9591,0.9591,0.9591
82,0.9357,0.9357,0.9474,0.9532,0.9591,0.9591,0.9649,0.9825,0.9532,0.9708,0.9532,0.9591,0.9591,0.9649,0.9591
83,0.0,0.0,0.924,0.9649,0.9474,0.9708,0.9649,0.9766,0.9708,0.9649,0.9708,0.9649,0.9766,0.9649,0.9649
84,0.0,0.0,0.9474,0.9766,0.9708,0.9708,0.9708,0.9766,0.9708,0.9766,0.9766,0.9825,0.9825,0.9825,0.9883
85,0.0,0.0,0.9298,0.9708,0.9591,0.9649,0.9766,0.9708,0.9766,0.9708,0.9766,0.9766,0.9766,0.9766,0.9766
86,0.0,0.0,0.9357,0.9708,0.9649,0.9591,0.9649,0.9649,0.9649,0.9591,0.9649,0.9532,0.9591,0.9591,0.9649
87,0.0,0.0,0.9181,0.9415,0.9357,0.9298,0.9298,0.9298,0.9298,0.9357,0.9415,0.9415,0.9415,0.9474,0.9474
88,0.0,0.0,0.9064,0.9708,0.9708,0.9766,0.9708,0.9825,0.9825,0.9883,0.9825,0.9883,0.9883,0.9883,0.9883
89,0.0,0.0,0.9064,0.9532,0.9532,0.9532,0.9591,0.9532,0.9591,0.9474,0.9532,0.9532,0.9532,0.9532,0.9532
90,0.0,0.0,0.924,0.9708,0.9649,0.9649,0.9649,0.9649,0.9649,0.9649,0.9825,0.9766,0.9708,0.9708,0.9708
91,0.0,0.0,0.9474,0.9883,0.9883,0.9708,0.9825,0.9766,0.9883,0.9883,0.9883,0.9766,0.9825,0.9766,0.9766
92,0.9415,0.9415,0.9474,0.9474,0.9474,0.9474,0.9474,0.9474,0.9474,0.9474,0.9415,0.9357,0.9357,0.9357,0.9415
93,0.0,0.0,0.9357,0.9708,0.9708,0.9591,0.9649,0.9708,0.9708,0.9708,0.9766,0.9591,0.9649,0.9591,0.9708
94,0.0,0.0,0.9298,0.9532,0.9591,0.9591,0.9591,0.9532,0.9532,0.9474,0.9474,0.9415,0.9415,0.9298,0.9357
95,0.0,0.0,0.9181,0.9532,0.9474,0.9591,0.9649,0.9532,0.9474,0.9474,0.9415,0.9474,0.9591,0.9649,0.9649
96,0.0,0.0,0.9181,0.9532,0.9474,0.9532,0.9532,0.9591,0.9532,0.9415,0.9474,0.9415,0.9474,0.9474,0.9474
97,0.0,0.0,0.9357,0.9649,0.9708,0.9591,0.9591,0.9649,0.9649,0.9649,0.9649,0.9532,0.9532,0.9357,0.9415
98,0.0,0.0,0.924,0.9532,0.9591,0.9825,0.9766,0.9883,0.9708,0.9825,0.9883,0.9825,0.9883,0.9766,0.9825
99,0.9532,0.9532,0.9708,0.9708,0.9883,0.9825,0.9825,0.9883,0.9883,0.9883,0.9883,0.9883,0.9883,0.9825,0.9766
100,0.0,0.0,0.9064,0.9474,0.9474,0.9532,0.9532,0.9532,0.9532,0.9649,0.9474,0.9474,0.9474,0.9415,0.9474
