Par,k=1,k=2,k=3,k=4,k=5,k=6,k=7,k=8,k=9,k=10,k=11,k=12,k=13,k=14,k=15,k=16,k=17,k=18,k=19,k=20,k=21,k=22,k=23,k=24,k=25
1,0.0,0.0,0.883,0.924,0.9123,0.9181,0.9181,0.924,0.924,0.9181,0.9181,0.9181,0.9181,0.9123,0.9123,0.9123,0.9123,0.9123,0.9123,0.9123,0.9123,0.9181,0.9181,0.9181,0.9123
2,0.0,0.0,0.8713,0.9006,0.9064,0.9064,0.9123,0.9006,0.9064,0.9123,0.9181,0.9181,0.9181,0.9181,0.9181,0.9181,0.9181,0.9123,0.9181,0.9181,0.9181,0.9123,0.9123,0.9123,0.9123
3,0.0,0.0,0.8889,0.9181,0.9181,0.9357,0.9298,0.9357,0.9357,0.9357,0.9298,0.9357,0.9298,0.9357,0.9298,0.9357,0.9357,0.9298,0.9357,0.924,0.924,0.924,0.924,0.924,0.924
4,0.0,0.0,0.8596,0.924,0.9181,0.9357,0.9298,0.924,0.9298,0.924,0.924,0.924,0.924,0.9181,0.9181,0.924,0.924,0.924,0.924,0.924,0.924,0.924,0.924,0.9298,0.9298
5,0.9006,0.9006,0.9123,0.9123,0.9298,0.924,0.924,0.9298,0.9415,0.9357,0.9415,0.9415,0.9415,0.9415,0.9415,0.9357,0.9357,0.9298,0.9298,0.9298,0.9298,0.9298,0.9298,0.9298,0.9357
6,0.0,0.0,0.8772,0.9181,0.9298,0.9181,0.9123,0.9181,0.9181,0.9123,0.9123,0.9064,0.9123,0.9123,0.9064,0.9123,0.9123,0.9123,0.9181,0.9123,0.9123,0.9123,0.9123,0.9123,0.9123
7,0.0,0.0,0.8655,0.9298,0.9181,0.9415,0.9181,0.9298,0.924,0.9298,0.924,0.924,0.9181,0.924,0.9181,0.9298,0.924,0.924,0.924,0.9298,0.924,0.924,0.9298,0.924,0.924
8,0.0,0.0,0.8655,0.9064,0.9006,0.924,0.924,0.9298,0.9298,0.9181,0.9181,0.9181,0.9123,0.9123,0.9006,0.9006,0.9006,0.9006,0.9006,0.9006,0.9006,0.9006,0.9006,0.9006,0.9006
9,0.0,0.0,0.8421,0.8889,0.8947,0.924,0.924,0.9298,0.9298,0.9298,0.924,0.9181,0.9123,0.9181,0.9123,0.9123,0.9123,0.9123,0.9123,0.9064,0.9064,0.9006,0.9064,0.9006,0.9006
10,0.0,0.0,0.8772,0.9006,0.9181,0.9181,0.924,0.9181,0.9181,0.9181,0.9123,0.9123,0.9123,0.8947,0.8947,0.8947,0.9006,0.8947,0.8947,0.8947,0.8947,0.8947,0.8947,0.9064,0.9006
11,0.0,0.0,0.8538,0.924,0.9181,0.9357,0.9357,0.9357,0.9357,0.9357,0.9357,0.924,0.9298,0.9298,0.924,0.9298,0.9298,0.9298,0.9298,0.9298,0.9298,0.9298,0.924,0.9181,0.9123
12,0.0,0.0,0.8655,0.9357,0.924,0.924,0.9181,0.9064,0.9123,0.9006,0.9006,0.9064,0.9064,0.9064,0.9064,0.9123,0.9123,0.9123,0.9123,0.9123,0.9123,0.9181,0.9064,0.9181,0.9064
13,0.0,0.0,0.8772,0.9123,0.9006,0.924,0.9181,0.924,0.924,0.924,0.924,0.9298,0.924,0.924,0.9298,0.924,0.924,0.924,0.924,0.9298,0.924,0.924,0.924,0.924,0.924
14,0.0,0.0,0.883,0.9591,0.9591,0.9591,0.9591,0.9532,0.9591,0.9591,0.9591,0.9532,0.9474,0.9591,0.9532,0.9474,0.9532,0.9532,0.9591,0.9591,0.9591,0.9649,0.9649,0.9591,0.9649
15,0.0,0.0,0.8772,0.9064,0.9181,0.924,0.924,0.924,0.924,0.9298,0.9181,0.9298,0.9298,0.9357,0.9298,0.9357,0.9298,0.9357,0.9357,0.9415,0.9415,0.9415,0.9415,0.9415,0.9415
16,0.0,0.0,0.9006,0.9298,0.9298,0.9357,0.9357,0.9298,0.9298,0.9298,0.9298,0.9357,0.9357,0.9357,0.9357,0.9415,0.9415,0.9415,0.9357,0.9357,0.9357,0.9357,0.9357,0.9298,0.9357
17,0.0,0.0,0.8772,0.9298,0.9298,0.9298,0.9181,0.9298,0.9181,0.9298,0.924,0.9298,0.9181,0.924,0.9123,0.924,0.924,0.9298,0.9298,0.9357,0.9357,0.9357,0.9357,0.9357,0.9357
18,0.0,0.0,0.8889,0.9064,0.9123,0.924,0.924,0.924,0.924,0.924,0.9181,0.924,0.9181,0.924,0.924,0.924,0.924,0.924,0.924,0.924,0.924,0.924,0.9181,0.9181,0.9181
19,0.0,0.0,0.8772,0.9123,0.924,0.924,0.9181,0.9064,0.924,0.9357,0.9357,0.9298,0.9298,0.9357,0.9298,0.924,0.9357,0.9298,0.9298,0.9298,0.924,0.924,0.924,0.9123,0.9123
20,0.0,0.0,0.8889,0.9298,0.9181,0.924,0.924,0.9298,0.9298,0.9298,0.9298,0.9298,0.9298,0.924,0.924,0.9298,0.924,0.924,0.9181,0.9181,0.9181,0.9181,0.9181,0.9181,0.9181
21,0.0,0.0,0.883,0.9298,0.9298,0.9357,0.9415,0.9474,0.9532,0.9532,0.9474,0.9474,0.9415,0.9357,0.9357,0.9357,0.9298,0.9298,0.9298,0.9298,0.9298,0.9298,0.9298,0.9298,0.9298
22,0.9415,0.9415,0.9474,0.9474,0.9532,0.9532,0.9474,0.9415,0.9415,0.9415,0.9474,0.9474,0.9474,0.9474,0.9474,0.9474,0.9474,0.9474,0.9532,0.9532,0.9532,0.9474,0.9474,0.9474,0.9415
23,0.0,0.0,0.8947,0.924,0.9298,0.9415,0.924,0.9415,0.9415,0.9474,0.9357,0.9532,0.9532,0.9415,0.9357,0.9415,0.9415,0.9474,0.9474,0.9474,0.9532,0.9474,0.9474,0.9357,0.9415
24,0.0,0.0,0.8772,0.9474,0.924,0.9415,0.9357,0.9298,0.9298,0.9298,0.9415,0.9298,0.924,0.9357,0.9298,0.9357,0.9357,0.9415,0.9357,0.9298,0.9298,0.9298,0.9298,0.9357,0.9298
25,0.8889,0.8889,0.9181,0.9064,0.9064,0.9123,0.9123,0.9181,0.9298,0.9181,0.9298,0.9298,0.9357,0.9181,0.924,0.9181,0.9181,0.9181,0.9181,0.9181,0.9181,0.9181,0.9181,0.9123,0.9064
26,0.0,0.0,0.8947,0.9415,0.9532,0.9474,0.9474,0.9591,0.9474,0.9474,0.9474,0.9357,0.9415,0.9415,0.9357,0.9298,0.9357,0.9181,0.9181,0.924,0.9181,0.9181,0.9181,0.9181,0.9123
27,0.0,0.0,0.8889,0.9298,0.924,0.9357,0.9357,0.9298,0.9357,0.9415,0.9474,0.9415,0.9474,0.9415,0.9474,0.9298,0.9357,0.924,0.924,0.924,0.924,0.9181,0.9181,0.9181,0.9181
28,0.0,0.0,0.8713,0.9123,0.924,0.9298,0.9298,0.9357,0.9474,0.9532,0.9415,0.9415,0.9415,0.9474,0.9474,0.9474,0.9474,0.9415,0.9415,0.9415,0.9357,0.9298,0.9298,0.9298,0.9298
29,0.0,0.0,0.8655,0.924,0.924,0.9415,0.9415,0.9357,0.9298,0.9357,0.9415,0.9357,0.9415,0.9415,0.9415,0.9298,0.924,0.9298,0.9181,0.9181,0.9181,0.9123,0.9181,0.9064,0.9006
30,0.0,0.0,0.8889,0.9532,0.9474,0.9649,0.9532,0.9591,0.9591,0.9649,0.9649,0.9649,0.9708,0.9591,0.9649,0.9591,0.9591,0.9649,0.9591,0.9591,0.9591,0.9591,0.9649,0.9591,0.9591
31,0.0,0.0,0.8889,0.9181,0.9298,0.9415,0.9357,0.9298,0.9298,0.924,0.924,0.924,0.924,0.924,0.924,0.924,0.924,0.924,0.924,0.924,0.924,0.924,0.9181,0.9181,0.9181
32,0.0,0.0,0.848,0.924,0.9181,0.9123,0.9006,0.9064,0.9006,0.9064,0.9006,0.9181,0.9181,0.924,0.924,0.9181,0.924,0.9181,0.924,0.9181,0.924,0.9064,0.9181,0.9123,0.9181
33,0.0,0.0,0.8772,0.9123,0.9181,0.9064,0.9064,0.8947,0.9006,0.9006,0.8947,0.9064,0.9006,0.8889,0.8889,0.8889,0.8889,0.8947,0.8947,0.9064,0.9006,0.9006,0.9006,0.9006,0.9006
34,0.924,0.924,0.9064,0.924,0.9474,0.9474,0.9708,0.9591,0.9532,0.9532,0.9532,0.9591,0.9591,0.9591,0.9591,0.9532,0.9474,0.9532,0.9532,0.9532,0.9532,0.9532,0.9532,0.9532,0.9532
35,0.9357,0.9357,0.9474,0.9415,0.9415,0.9415,0.9415,0.9357,0.9415,0.9532,0.9474,0.9474,0.9415,0.9474,0.9415,0.9415,0.9415,0.9415,0.9474,0.9474,0.9532,0.9532,0.9532,0.9474,0.9474
36,0.9064,0.9064,0.9357,0.9298,0.9298,0.9474,0.9415,0.9415,0.9415,0.9357,0.9298,0.924,0.9298,0.9415,0.9415,0.9415,0.9415,0.9298,0.924,0.924,0.9181,0.9181,0.9123,0.9123,0.9123
37,0.9006,0.9006,0.9181,0.9123,0.9064,0.924,0.9123,0.924,0.9357,0.9357,0.9357,0.9357,0.9357,0.9357,0.9357,0.9357,0.9357,0.9357,0.9357,0.9357,0.9357,0.9415,0.9357,0.9357,0.9298
38,0.0,0.0,0.8596,0.8947,0.883,0.9123,0.9123,0.9006,0.9006,0.9064,0.9064,0.9064,0.9064,0.9064,0.9064,0.9064,0.9006,0.8947,0.8947,0.8947,0.8947,0.8947,0.8947,0.8947,0.8947
39,0.0,0.0,0.8304,0.8947,0.8889,0.9123,0.9006,0.9181,0.9123,0.9064,0.9064,0.9064,0.9064,0.9181,0.9064,0.9064,0.9064,0.9064,0.9064,0.9181,0.9123,0.9123,0.9123,0.9123,0.9123
40,0.9298,0.9298,0.9123,0.9181,0.9123,0.9181,0.924,0.9181,0.9181,0.9181,0.924,0.9181,0.924,0.924,0.924,0.924,0.924,0.924,0.924,0.9181,0.924,0.9123,0.9181,0.9123,0.9181
41,0.0,0.0,0.8421,0.9181,0.9064,0.9123,0.9123,0.9181,0.9298,0.9357,0.9357,0.9298,0.9357,0.9357,0.9298,0.9357,0.9298,0.9357,0.9357,0.9357,0.9298,0.9357,0.9298,0.9298,0.9357
42,0.0,0.0,0.8947,0.9415,0.9415,0.9415,0.9474,0.9415,0.9474,0.9415,0.9415,0.9532,0.9532,0.9474,0.9474,0.9474,0.9532,0.9532,0.9532,0.9532,0.9532,0.9532,0.9532,0.9532,0.9532
43,0.0,0.0,0.8596,0.9064,0.9006,0.8947,0.9006,0.8889,0.8889,0.8947,0.8947,0.8947,0.8947,0.8947,0.9006,0.9006,0.9006,0.9006,0.9006,0.9006,0.9006,0.9006,0.9006,0.9006,0.9006
44,0.0,0.0,0.8713,0.9474,0.9474,0.9649,0.9591,0.9708,0.9649,0.9649,0.9708,0.9708,0.9708,0.9766,0.9708,0.9708,0.9649,0.9649,0.9649,0.9532,0.9708,0.9532,0.9591,0.9532,0.9532
45,0.9064,0.9064,0.9181,0.9123,0.9006,0.8947,0.8947,0.9064,0.9064,0.9064,0.9123,0.9064,0.9181,0.924,0.9181,0.924,0.9123,0.9181,0.9123,0.9181,0.9064,0.9181,0.9064,0.9064,0.9006
46,0.9298,0.9298,0.9298,0.9357,0.9357,0.924,0.9181,0.9298,0.9181,0.9181,0.9181,0.9181,0.9181,0.9123,0.9181,0.9181,0.924,0.924,0.924,0.924,0.924,0.924,0.9298,0.9298,0.924
47,0.9123,0.9123,0.9123,0.924,0.9123,0.924,0.9357,0.9298,0.924,0.9298,0.924,0.9298,0.9123,0.9181,0.9064,0.9123,0.9064,0.9006,0.9006,0.9006,0.9006,0.9006,0.9006,0.9006,0.8947
48,0.0,0.0,0.8947,0.9357,0.9415,0.9415,0.9415,0.9474,0.9474,0.9532,0.9532,0.9474,0.9474,0.9474,0.9415,0.9357,0.9415,0.9357,0.9357,0.9357,0.9357,0.9415,0.9415,0.9415,0.9415
49,0.0,0.0,0.848,0.9181,0.924,0.9357,0.9181,0.9181,0.9181,0.924,0.9181,0.9064,0.9064,0.9064,0.9006,0.9006,0.9006,0.9123,0.9064,0.9123,0.9123,0.9123,0.9123,0.9064,0.9123
50,0.0,0.0,0.8655,0.9123,0.9006,0.9123,0.9064,0.9181,0.9064,0.9123,0.9181,0.9123,0.9123,0.9123,0.9064,0.9123,0.9123,0.9123,0.9123,0.9123,0.9123,0.9123,0.9123,0.9064,0.9064
51,0.0,0.0,0.8421,0.8947,0.883,0.9006,0.9006,0.9123,0.9123,0.9181,0.9123,0.9123,0.9181,0.9123,0.9123,0.9123,0.9123,0.9123,0.9123,0.9123,0.9123,0.9123,0.9064,0.9064,0.9064
52,0.924,0.924,0.924,0.9298,0.9357,0.9415,0.9474,0.9474,0.9474,0.9415,0.9474,0.9474,0.9532,0.9532,0.9532,0.9532,0.9591,0.9532,0.9415,0.9474,0.9474,0.9474,0.9474,0.9415,0.9474
53,0.0,0.0,0.8772,0.9415,0.9357,0.9591,0.9415,0.9357,0.9357,0.9357,0.9298,0.9357,0.9357,0.9415,0.9415,0.9415,0.9415,0.9357,0.9415,0.9415,0.9415,0.9357,0.9357,0.9357,0.9415
54,0.0,0.0,0.8889,0.9357,0.924,0.9474,0.9357,0.9415,0.9298,0.9298,0.9298,0.9357,0.9298,0.924,0.924,0.924,0.924,0.924,0.924,0.924,0.924,0.9181,0.924,0.9181,0.924
55,0.0,0.0,0.8772,0.924,0.9181,0.924,0.924,0.9298,0.924,0.9298,0.9298,0.9298,0.9298,0.9298,0.9298,0.9298,0.9298,0.9298,0.9298,0.9298,0.9298,0.9298,0.9298,0.9357,0.9357
56,0.9532,0.9532,0.9415,0.9591,0.9415,0.9591,0.9532,0.9591,0.9532,0.9649,0.9532,0.9532,0.9415,0.9474,0.9357,0.9591,0.9357,0.9532,0.9415,0.9415,0.924,0.924,0.924,0.9298,0.9181
57,0.9415,0.9415,0.9591,0.9649,0.9766,0.9708,0.9766,0.9708,0.9708,0.9825,0.9825,0.9883,0.9883,0.9825,0.9766,0.9766,0.9766,0.9766,0.9766,0.9708,0.9708,0.9708,0.9649,0.9649,0.9649
58,0.924,0.924,0.9064,0.9123,0.9181,0.9181,0.9064,0.9064,0.9064,0.9006,0.9006,0.9006,0.8947,0.8947,0.8947,0.8947,0.8947,0.8947,0.8889,0.8889,0.8889,0.8889,0.8889,0.8889,0.883
59,0.0,0.0,0.883,0.924,0.9357,0.9474,0.9415,0.9532,0.9532,0.9532,0.9532,0.9474,0.9474,0.9415,0.9474,0.9474,0.9532,0.9474,0.9532,0.9474,0.9474,0.9357,0.9415,0.9298,0.9357
60,0.0,0.0,0.9181,0.9649,0.9649,0.9649,0.9591,0.9591,0.9591,0.9591,0.9649,0.9649,0.9591,0.9591,0.9591,0.9532,0.9532,0.9474,0.9474,0.9474,0.9474,0.9474,0.9415,0.9415,0.9415
61,0.9064,0.9064,0.9123,0.9123,0.924,0.924,0.9298,0.9298,0.9298,0.9298,0.9298,0.9298,0.9298,0.9298,0.924,0.9298,0.924,0.924,0.9298,0.924,0.924,0.9181,0.9298,0.9181,0.9298
62,0.8947,0.8947,0.8713,0.8947,0.8713,0.8889,0.8772,0.8889,0.8772,0.883,0.8713,0.883,0.8772,0.8889,0.8596,0.8713,0.8596,0.8713,0.8655,0.8655,0.8538,0.8655,0.8538,0.8596,0.848
63,0.9006,0.9006,0.8947,0.9064,0.9181,0.9181,0.9123,0.9064,0.9123,0.9181,0.9123,0.9123,0.9181,0.9181,0.9181,0.9123,0.9123,0.9123,0.9181,0.9181,0.9181,0.9181,0.9181,0.9181,0.9181
64,0.0,0.0,0.9006,0.9357,0.9357,0.9474,0.9415,0.9474,0.9415,0.9474,0.9415,0.9474,0.9474,0.9474,0.9474,0.9474,0.9474,0.9474,0.9474,0.9532,0.9532,0.9532,0.9532,0.9532,0.9474
65,0.0,0.0,0.8538,0.9298,0.9298,0.9357,0.9357,0.9357,0.9415,0.9415,0.9415,0.9415,0.9474,0.9415,0.9415,0.9357,0.9298,0.924,0.924,0.924,0.9181,0.9181,0.9181,0.9123,0.9181
66,0.0,0.0,0.8947,0.9181,0.9064,0.9064,0.9064,0.9123,0.9064,0.9181,0.9123,0.9123,0.9123,0.9064,0.9064,0.9064,0.9064,0.9064,0.9064,0.9064,0.9064,0.9064,0.9064,0.9064,0.9064
67,0.883,0.883,0.9064,0.9123,0.924,0.924,0.924,0.924,0.9298,0.9298,0.924,0.9181,0.9181,0.9181,0.9181,0.9181,0.9123,0.9064,0.9064,0.9006,0.9006,0.9006,0.9006,0.8947,0.8947
68,0.8713,0.8713,0.9181,0.9064,0.9415,0.9357,0.9415,0.9298,0.9357,0.9357,0.924,0.9298,0.9298,0.924,0.9298,0.9298,0.9357,0.9181,0.924,0.9181,0.9181,0.9181,0.924,0.924,0.9298
69,0.0,0.0,0.9006,0.9298,0.9298,0.9298,0.9357,0.9474,0.9474,0.9474,0.9474,0.9415,0.9415,0.9415,0.9415,0.9357,0.9357,0.9298,0.9298,0.9298,0.9298,0.924,0.9298,0.9181,0.924
70,0.0,0.0,0.8713,0.924,0.924,0.9181,0.924,0.9181,0.924,0.9298,0.924,0.924,0.924,0.9181,0.9181,0.9181,0.9181,0.9181,0.9181,0.9123,0.9064,0.9123,0.9064,0.9064,0.9064
71,0.0,0.0,0.8713,0.9298,0.9357,0.9357,0.9415,0.9357,0.9474,0.9415,0.9415,0.9415,0.9415,0.9298,0.9357,0.9298,0.924,0.924,0.9298,0.924,0.9298,0.924,0.924,0.9181,0.924
72,0.0,0.0,0.8655,0.9123,0.9181,0.9181,0.924,0.9181,0.9181,0.9181,0.9181,0.9181,0.9181,0.9181,0.9181,0.9181,0.9181,0.9181,0.9181,0.9181,0.9181,0.9181,0.9181,0.9123,0.9181
73,0.0,0.0,0.8538,0.9181,0.9123,0.9298,0.9181,0.924,0.924,0.9298,0.9298,0.9298,0.9298,0.9298,0.9298,0.924,0.9181,0.9181,0.9181,0.9181,0.9181,0.9123,0.9181,0.9181,0.9181
74,0.9415,0.9415,0.9357,0.9591,0.9532,0.9532,0.9474,0.9474,0.9532,0.9532,0.9474,0.9415,0.9474,0.9474,0.9474,0.9474,0.9474,0.9474,0.9474,0.9474,0.9474,0.9474,0.9474,0.9415,0.9357
75,0.0,0.0,0.8538,0.9298,0.9006,0.924,0.924,0.9298,0.9357,0.9298,0.9298,0.9415,0.9474,0.924,0.924,0.9298,0.9298,0.9298,0.9298,0.924,0.924,0.924,0.924,0.924,0.924
76,0.0,0.0,0.883,0.9357,0.9415,0.9474,0.9415,0.9298,0.9357,0.9532,0.9474,0.9474,0.9474,0.9415,0.9415,0.9415,0.9357,0.9415,0.9357,0.9357,0.9357,0.9415,0.9357,0.9357,0.9357
77,0.0,0.0,0.8772,0.924,0.9181,0.9357,0.924,0.924,0.924,0.924,0.924,0.924,0.924,0.9181,0.9181,0.9181,0.9123,0.9181,0.9123,0.9181,0.9181,0.9181,0.9181,0.924,0.9181
78,0.0,0.0,0.8655,0.9298,0.9123,0.9298,0.9415,0.9532,0.9474,0.9474,0.9474,0.9474,0.9532,0.9532,0.9532,0.9532,0.9532,0.9474,0.9474,0.9532,0.9474,0.9474,0.9474,0.9415,0.9415
79,0.9357,0.9357,0.9415,0.9474,0.9474,0.9474,0.9474,0.9474,0.9415,0.9474,0.9415,0.9415,0.9357,0.9357,0.9298,0.9298,0.9357,0.9298,0.9298,0.9298,0.9298,0.9298,0.924,0.924,0.924
80,0.0,0.0,0.8772,0.924,0.9123,0.924,0.9123,0.924,0.9181,0.924,0.9181,0.9298,0.924,0.9181,0.9181,0.924,0.9181,0.924,0.9181,0.9181,0.9181,0.9181,0.9181,0.9181,0.9181
81,0.0,0.0,0.8772,0.924,0.9357,0.9357,0.9357,0.924,0.9181,0.9298,0.9298,0.9357,0.9298,0.9298,0.9298,0.9298,0.9298,0.924,0.9181,0.9181,0.9181,0.9181,0.9181,0.9181,0.9181
82,0.0,0.0,0.8772,0.9357,0.9357,0.9415,0.9415,0.9415,0.9357,0.9298,0.9298,0.9298,0.924,0.924,0.9181,0.9181,0.9181,0.9181,0.9181,0.924,0.9181,0.924,0.924,0.924,0.924
83,0.9181,0.9181,0.9298,0.9415,0.9415,0.9415,0.9474,0.9474,0.9415,0.9357,0.9415,0.9357,0.9298,0.9298,0.9357,0.9357,0.9357,0.9357,0.9415,0.9415,0.9415,0.9415,0.9415,0.9415,0.9415
84,0.9123,0.9123,0.9123,0.9181,0.9064,0.9181,0.9123,0.9123,0.9123,0.9123,0.9181,0.9181,0.9181,0.9181,0.9181,0.9181,0.9181,0.9181,0.9181,0.9181,0.9181,0.9181,0.9181,0.9181,0.9181
85,0.9064,0.9064,0.9298,0.9357,0.9415,0.9415,0.9415,0.9415,0.9298,0.9298,0.9298,0.9298,0.9415,0.9357,0.9357,0.9357,0.9415,0.9415,0.9357,0.9357,0.9357,0.9357,0.9357,0.9357,0.9415
86,0.9357,0.9357,0.9415,0.9415,0.9532,0.9415,0.9415,0.9415,0.9357,0.9415,0.9357,0.9357,0.9415,0.9474,0.9415,0.9415,0.9357,0.9415,0.9357,0.9415,0.9357,0.9357,0.9357,0.9415,0.9415
87,0.9181,0.9181,0.9357,0.9357,0.9415,0.9474,0.9532,0.9532,0.9532,0.9532,0.9532,0.9474,0.9474,0.9415,0.9415,0.9415,0.9415,0.9415,0.9415,0.9415,0.9357,0.9357,0.9357,0.9357,0.9357
88,0.0,0.0,0.848,0.9006,0.8947,0.9006,0.9064,0.9123,0.9181,0.9064,0.9181,0.9123,0.9123,0.9123,0.9123,0.9064,0.9123,0.9064,0.9064,0.9064,0.9123,0.9006,0.9006,0.9006,0.9006
89,0.0,0.0,0.8889,0.9181,0.924,0.9181,0.9123,0.9181,0.924,0.9298,0.924,0.9298,0.9298,0.924,0.9181,0.9123,0.9123,0.9181,0.9123,0.9006,0.9006,0.9006,0.9006,0.9006,0.9006
90,0.0,0.0,0.848,0.9006,0.8947,0.9181,0.9123,0.9181,0.9181,0.9123,0.9181,0.9181,0.9064,0.9123,0.9006,0.9181,0.9181,0.9123,0.9064,0.9064,0.9064,0.9064,0.9064,0.8947,0.9006
91,0.9415,0.9415,0.9474,0.9591,0.9415,0.9591,0.9474,0.9532,0.9532,0.9532,0.9474,0.9532,0.9532,0.9591,0.9591,0.9591,0.9532,0.9591,0.9474,0.9474,0.9474,0.9474,0.9415,0.9474,0.9357
92,0.9298,0.9298,0.9123,0.9181,0.924,0.9357,0.924,0.9357,0.9298,0.9415,0.9532,0.9474,0.9357,0.9415,0.9357,0.9298,0.9298,0.9298,0.924,0.9298,0.924,0.924,0.9181,0.924,0.9181
93,0.0,0.0,0.883,0.9181,0.9181,0.924,0.924,0.9357,0.924,0.9181,0.9181,0.9123,0.9123,0.9123,0.9181,0.9181,0.9181,0.9123,0.9123,0.9123,0.9123,0.9123,0.9123,0.9064,0.9123
94,0.0,0.0,0.8421,0.9298,0.9298,0.9181,0.924,0.924,0.9298,0.9415,0.9415,0.9415,0.9415,0.9357,0.9357,0.9357,0.9357,0.9357,0.9357,0.9357,0.9298,0.9298,0.9298,0.9298,0.924
95,0.0,0.0,0.883,0.9298,0.9298,0.9357,0.924,0.924,0.924,0.9181,0.9181,0.924,0.9181,0.9181,0.9181,0.9181,0.9181,0.924,0.9181,0.924,0.924,0.924,0.924,0.924,0.924
96,0.0,0.0,0.8947,0.9415,0.9532,0.9532,0.9532,0.9532,0.9415,0.9474,0.9415,0.9474,0.9474,0.9474,0.9474,0.9357,0.9415,0.9532,0.9532,0.9532,0.9532,0.9532,0.9474,0.9532,0.9474
97,0.9298,0.9298,0.924,0.9298,0.9357,0.9357,0.9298,0.924,0.9298,0.9357,0.9357,0.9415,0.9298,0.9357,0.9357,0.9298,0.9357,0.9357,0.9415,0.9474,0.9415,0.9415,0.9357,0.9357,0.9357
98,0.0,0.0,0.8713,0.9474,0.9474,0.9532,0.9474,0.9649,0.9532,0.9591,0.9591,0.9532,0.9532,0.9532,0.9591,0.9532,0.9474,0.9474,0.9474,0.9474,0.9474,0.9474,0.9474,0.9415,0.9415
99,0.8947,0.8947,0.9123,0.9181,0.9298,0.924,0.9474,0.9474,0.9474,0.9474,0.9415,0.9532,0.9532,0.9474,0.9415,0.9357,0.9298,0.9298,0.9298,0.9298,0.924,0.924,0.924,0.924,0.9181
100,0.0,0.0,0.8655,0.9181,0.9357,0.924,0.9474,0.9298,0.9415,0.9181,0.924,0.924,0.9357,0.9298,0.9298,0.9298,0.9298,0.9298,0.9298,0.924,0.9298,0.9181,0.9181,0.9181,0.9123
101,0.0,0.0,0.9123,0.9591,0.9591,0.9532,0.9474,0.9415,0.9415,0.9415,0.9415,0.9415,0.9415,0.9415,0.9415,0.9415,0.9415,0.9415,0.9415,0.9415,0.9415,0.9415,0.9415,0.9474,0.9415
102,0.0,0.0,0.8713,0.9064,0.9064,0.9123,0.9123,0.924,0.9181,0.9181,0.9181,0.9181,0.924,0.9298,0.924,0.924,0.924,0.9298,0.9298,0.924,0.924,0.924,0.924,0.924,0.9181
103,0.0,0.0,0.8772,0.9298,0.9415,0.9532,0.9649,0.9532,0.9591,0.9357,0.9649,0.9415,0.9532,0.9415,0.9415,0.9298,0.9415,0.9298,0.9357,0.924,0.924,0.924,0.9357,0.924,0.9298
104,0.9006,0.9006,0.9064,0.9123,0.9298,0.9357,0.924,0.9415,0.9298,0.924,0.9123,0.9123,0.9123,0.924,0.9123,0.9123,0.9123,0.9181,0.9123,0.9181,0.9064,0.9181,0.9123,0.9181,0.9064
105,0.0,0.0,0.9006,0.9591,0.9532,0.9532,0.9591,0.9474,0.9591,0.9532,0.9532,0.9474,0.9474,0.9415,0.9415,0.9415,0.9415,0.9474,0.9357,0.9474,0.9357,0.9357,0.9357,0.9415,0.9357
106,0.8947,0.8947,0.9123,0.9123,0.9181,0.9006,0.9123,0.9181,0.9123,0.9123,0.9123,0.9123,0.9123,0.9123,0.9123,0.9064,0.9064,0.9064,0.9064,0.9064,0.9064,0.9006,0.9006,0.9006,0.9006
107,0.8889,0.8889,0.9006,0.8889,0.8947,0.8947,0.8947,0.9006,0.8889,0.9006,0.8889,0.8947,0.8889,0.8889,0.8889,0.8889,0.8947,0.8947,0.8947,0.9006,0.8947,0.8947,0.8889,0.8947,0.8889
108,0.0,0.0,0.8889,0.9474,0.924,0.9357,0.9357,0.9357,0.9357,0.9415,0.9415,0.9357,0.9298,0.9357,0.924,0.924,0.924,0.924,0.924,0.924,0.924,0.924,0.924,0.924,0.924
109,0.9123,0.9123,0.924,0.9123,0.924,0.9181,0.9357,0.9298,0.9298,0.9298,0.9181,0.9181,0.9298,0.9123,0.9123,0.9123,0.9123,0.9064,0.9123,0.9064,0.9064,0.9064,0.9006,0.9006,0.9006
110,0.9474,0.9474,0.9298,0.9474,0.9415,0.9415,0.9415,0.9415,0.9415,0.9415,0.9474,0.9474,0.9474,0.9532,0.9474,0.9532,0.9474,0.9474,0.9474,0.9474,0.9474,0.9474,0.9415,0.9474,0.9357
111,0.0,0.0,0.8772,0.9181,0.9181,0.9123,0.9064,0.9064,0.9123,0.9123,0.9181,0.924,0.924,0.9123,0.9181,0.9181,0.9181,0.924,0.924,0.924,0.924,0.924,0.924,0.924,0.924
112,0.8947,0.8947,0.9181,0.9181,0.9474,0.9357,0.9415,0.9415,0.9415,0.9357,0.9415,0.9357,0.924,0.924,0.924,0.924,0.924,0.9123,0.9123,0.9064,0.9064,0.9123,0.9064,0.9123,0.9123
113,0.0,0.0,0.8363,0.9006,0.9064,0.9123,0.924,0.9181,0.924,0.9181,0.9298,0.9298,0.9298,0.9298,0.924,0.9181,0.9181,0.9123,0.9181,0.9064,0.9064,0.9064,0.9006,0.8947,0.8947
114,0.9123,0.9123,0.9298,0.9357,0.9357,0.9298,0.924,0.9298,0.9357,0.9415,0.9298,0.9298,0.9298,0.9181,0.9298,0.9181,0.9181,0.9181,0.9181,0.9181,0.9181,0.9181,0.9181,0.9181,0.9181
115,0.0,0.0,0.8713,0.924,0.9181,0.9123,0.9123,0.924,0.9123,0.924,0.9181,0.9181,0.924,0.9181,0.9123,0.924,0.9123,0.9123,0.9064,0.9123,0.9064,0.9123,0.9064,0.9123,0.9064
116,0.9123,0.9123,0.9123,0.9123,0.9298,0.9357,0.9298,0.9357,0.9415,0.9357,0.924,0.9357,0.9298,0.9298,0.924,0.924,0.924,0.9298,0.924,0.924,0.924,0.924,0.924,0.924,0.9298
117,0.0,0.0,0.8596,0.9123,0.9064,0.9123,0.9181,0.9181,0.9357,0.924,0.9181,0.9123,0.924,0.9181,0.9181,0.9181,0.9181,0.9123,0.9181,0.9181,0.9181,0.9123,0.9181,0.9123,0.9123
118,0.0,0.0,0.9006,0.9474,0.9415,0.9649,0.9591,0.9591,0.9532,0.9591,0.9532,0.9532,0.9532,0.9532,0.9532,0.9474,0.9474,0.9474,0.9532,0.9532,0.9532,0.9532,0.9532,0.9532,0.9532
119,0.0,0.0,0.848,0.9123,0.9064,0.9181,0.9181,0.9123,0.9123,0.9064,0.9064,0.9123,0.9123,0.9006,0.8947,0.8947,0.9006,0.8947,0.8947,0.8889,0.8889,0.8889,0.8947,0.8889,0.8889
120,0.0,0.0,0.8421,0.9415,0.9474,0.9708,0.9649,0.9591,0.9532,0.9532,0.9591,0.9474,0.9415,0.9474,0.9415,0.9474,0.9474,0.9532,0.9415,0.9474,0.9415,0.9415,0.9357,0.9357,0.9357
121,0.0,0.0,0.8596,0.924,0.9123,0.924,0.9181,0.9181,0.9181,0.924,0.9181,0.924,0.924,0.9181,0.9181,0.9181,0.9181,0.9181,0.9181,0.9181,0.9181,0.9181,0.9123,0.9181,0.9123
122,0.924,0.924,0.9123,0.9357,0.924,0.9298,0.9298,0.9357,0.924,0.9357,0.924,0.9357,0.9298,0.924,0.924,0.924,0.9181,0.924,0.9064,0.9181,0.883,0.8947,0.8772,0.8889,0.8772
123,0.0,0.0,0.883,0.9181,0.9181,0.9123,0.9181,0.924,0.924,0.9181,0.9181,0.9298,0.9123,0.9298,0.9181,0.9123,0.9181,0.9181,0.9181,0.9181,0.9123,0.9181,0.9181,0.9181,0.9181
124,0.0,0.0,0.8596,0.9181,0.924,0.9181,0.924,0.9123,0.9123,0.9064,0.9123,0.9123,0.9123,0.9123,0.9123,0.9123,0.9064,0.9181,0.9123,0.9123,0.9123,0.9123,0.9123,0.8947,0.8947
125,0.0,0.0,0.883,0.9298,0.9357,0.9298,0.9357,0.9298,0.9298,0.924,0.9357,0.9357,0.9357,0.9298,0.924,0.9298,0.9298,0.9298,0.924,0.924,0.924,0.9298,0.9298,0.9298,0.9298
126,0.0,0.0,0.9064,0.9474,0.9532,0.9591,0.9474,0.9532,0.9532,0.9532,0.9532,0.9474,0.9532,0.9591,0.9591,0.9532,0.9532,0.9532,0.9532,0.9532,0.9532,0.9532,0.9532,0.9532,0.9532
127,0.0,0.0,0.9123,0.9415,0.9474,0.9474,0.9474,0.9474,0.9474,0.9415,0.9474,0.9415,0.9474,0.9415,0.9415,0.9415,0.9415,0.9415,0.9415,0.9415,0.9415,0.9357,0.9357,0.9415,0.9357
128,0.0,0.0,0.8713,0.8889,0.8947,0.9006,0.9006,0.9006,0.9064,0.9006,0.9006,0.9064,0.9123,0.9064,0.9064,0.9006,0.9006,0.9006,0.9064,0.9064,0.9064,0.9064,0.9064,0.9123,0.9123
129,0.0,0.0,0.848,0.8947,0.9064,0.924,0.9123,0.9123,0.9181,0.9123,0.9064,0.9181,0.9064,0.9123,0.9064,0.9064,0.9064,0.9006,0.9064,0.9006,0.9064,0.9006,0.9006,0.9006,0.9006
130,0.0,0.0,0.883,0.9123,0.9006,0.9123,0.9123,0.9123,0.9123,0.9181,0.9181,0.924,0.9181,0.9181,0.9181,0.9123,0.9181,0.924,0.9181,0.9123,0.9181,0.9123,0.9123,0.9181,0.9181
131,0.9181,0.9181,0.9298,0.924,0.9357,0.9415,0.9357,0.9357,0.9357,0.9298,0.924,0.924,0.9298,0.924,0.9298,0.924,0.9298,0.924,0.924,0.924,0.9181,0.924,0.9181,0.9181,0.9123
132,0.0,0.0,0.8772,0.9532,0.9415,0.9591,0.9591,0.9591,0.9591,0.9591,0.9532,0.9591,0.9591,0.9591,0.9532,0.9591,0.9591,0.9649,0.9649,0.9649,0.9649,0.9708,0.9649,0.9708,0.9708
133,0.0,0.0,0.883,0.924,0.9298,0.9357,0.924,0.924,0.924,0.9298,0.9357,0.9474,0.9415,0.9474,0.9415,0.9474,0.9474,0.9415,0.9415,0.9415,0.9415,0.9415,0.9415,0.9415,0.9415
134,0.924,0.924,0.9357,0.9298,0.9415,0.9357,0.9415,0.9357,0.9415,0.9415,0.9357,0.9357,0.9298,0.9357,0.924,0.9298,0.9298,0.9298,0.9298,0.9298,0.924,0.924,0.924,0.9181,0.9181
135,0.0,0.0,0.8947,0.9357,0.9415,0.9357,0.9415,0.9474,0.9415,0.9474,0.9474,0.9474,0.9415,0.9415,0.9415,0.9357,0.9357,0.9357,0.9357,0.9415,0.9357,0.9357,0.9357,0.9415,0.9415
136,0.9298,0.9298,0.9357,0.9357,0.9415,0.9357,0.9298,0.924,0.9181,0.9181,0.9181,0.9181,0.924,0.924,0.924,0.924,0.924,0.924,0.924,0.9181,0.9123,0.9123,0.9123,0.9123,0.9123
137,0.0,0.0,0.8596,0.9181,0.9123,0.924,0.9181,0.924,0.924,0.9357,0.9298,0.9357,0.9357,0.9298,0.9298,0.9357,0.9415,0.9357,0.9357,0.9357,0.9298,0.9357,0.9298,0.9357,0.9298
138,0.8947,0.8947,0.9123,0.9064,0.9181,0.9181,0.924,0.924,0.9298,0.924,0.9298,0.924,0.924,0.924,0.924,0.924,0.9181,0.924,0.9181,0.9181,0.9181,0.9123,0.9123,0.9123,0.9123
139,0.0,0.0,0.883,0.9415,0.9298,0.9298,0.9298,0.9298,0.9357,0.9415,0.9415,0.9415,0.9415,0.9474,0.9474,0.9474,0.9474,0.9532,0.9532,0.9474,0.9415,0.9357,0.9415,0.9415,0.9357
140,0.8889,0.8889,0.9181,0.9123,0.9181,0.9123,0.9298,0.924,0.9298,0.9298,0.9298,0.9181,0.9298,0.9357,0.9357,0.9357,0.9357,0.9357,0.9357,0.9357,0.9298,0.9298,0.924,0.9298,0.924
141,0.0,0.0,0.9181,0.9474,0.9532,0.9474,0.9474,0.9474,0.9474,0.9415,0.9474,0.9415,0.9474,0.9415,0.9415,0.9415,0.9415,0.9415,0.9415,0.9415,0.9415,0.9415,0.9415,0.9415,0.9415
142,0.0,0.0,0.8655,0.9298,0.924,0.9357,0.9357,0.9298,0.9415,0.9298,0.9298,0.9298,0.9357,0.9298,0.9357,0.9298,0.9298,0.9298,0.9298,0.924,0.9298,0.924,0.924,0.9181,0.924
143,0.0,0.0,0.8304,0.9006,0.9006,0.9123,0.9123,0.9298,0.924,0.9357,0.9298,0.9298,0.9357,0.9298,0.9298,0.9298,0.9298,0.9298,0.9357,0.9357,0.9298,0.9298,0.9298,0.9181,0.9181
144,0.0,0.0,0.8596,0.9298,0.9298,0.9357,0.9357,0.924,0.9357,0.9298,0.9298,0.924,0.924,0.924,0.924,0.924,0.9181,0.9181,0.9181,0.924,0.924,0.924,0.9181,0.924,0.9181
145,0.0,0.0,0.8596,0.9181,0.8947,0.9006,0.9123,0.9298,0.924,0.9357,0.9181,0.9181,0.9123,0.9006,0.9123,0.9064,0.9123,0.9006,0.9006,0.9006,0.9006,0.9006,0.9006,0.8947,0.8947
146,0.0,0.0,0.8889,0.9357,0.924,0.9298,0.9298,0.9357,0.9298,0.9415,0.9415,0.9357,0.9415,0.9298,0.9298,0.9298,0.9298,0.9298,0.9298,0.9298,0.924,0.9357,0.9298,0.9298,0.9298
147,0.0,0.0,0.883,0.924,0.9298,0.9123,0.924,0.924,0.9298,0.924,0.924,0.924,0.924,0.9298,0.924,0.924,0.924,0.924,0.924,0.924,0.924,0.924,0.924,0.924,0.924
148,0.8713,0.8713,0.8772,0.8889,0.9181,0.9181,0.9298,0.9298,0.9357,0.9357,0.9357,0.9357,0.9357,0.9357,0.924,0.924,0.9298,0.924,0.924,0.924,0.924,0.924,0.924,0.9181,0.9181
149,0.0,0.0,0.9064,0.9474,0.9474,0.9415,0.9415,0.9532,0.9591,0.9591,0.9649,0.9532,0.9532,0.9474,0.9474,0.9474,0.9415,0.9298,0.9357,0.9298,0.9357,0.9298,0.9298,0.9298,0.9298
150,0.0,0.0,0.8713,0.924,0.924,0.9298,0.9181,0.9181,0.9181,0.9474,0.9357,0.9474,0.9415,0.9474,0.9474,0.9474,0.9474,0.9474,0.9474,0.9532,0.9532,0.9532,0.9532,0.9474,0.9532
